City_ID,City,Country,Max Temp,Current Description,Lat,Lng,Hotel Name
2,Eyl,SO,78.8,few clouds,7.9803,49.8164,Amiin Hotel
4,Namwala,ZM,73.33,broken clouds,-15.7504,26.4384,Corner Point Lodge
7,Vaini,TO,80.33,broken clouds,-21.2,-175.2,Keleti Beach Resort
9,Moundou,TD,77.88,scattered clouds,8.5667,16.0833,Planete Life
11,Avarua,CK,80.65,light rain,-21.2078,-159.775,Paradise Inn
18,Kapaa,US,79.2,broken clouds,22.0752,-159.319,Sheraton Kauai Coconut Beach Resort
19,Upington,ZA,74.41,overcast clouds,-28.4478,21.2561,River Place Manor
20,Carnarvon,AU,76.6,clear sky,-24.8667,113.6333,Hospitality Carnarvon
26,Sinnamary,GF,80.15,broken clouds,5.3833,-52.95,ALETHEIA Appartement Sinnamary
29,Mahebourg,MU,73.26,clear sky,-20.4081,57.7,Shandrani Beachcomber Resort & Spa
30,Hobyo,SO,81.19,light rain,5.3505,48.5268,Halane Hotel and Restaurent
35,Sao Joao Da Barra,BR,73.71,clear sky,-21.6403,-41.0511,Pousada Porto De Canoas
41,Jacareacanga,BR,78.57,moderate rain,-6.2222,-57.7528,Casa do Ianüòé
44,Tayu,ID,77.9,overcast clouds,-6.5397,111.0518,Toko pakaian bu is Tayu
45,Waingapu,ID,80.1,overcast clouds,-9.6567,120.2641,Pondok Wisata Elim
52,Chuy,UY,72.09,overcast clouds,-33.6971,-53.4616,Nuevo Hotel Plaza
55,Touros,BR,83.3,broken clouds,-5.1989,-35.4608,INN NEW HORIZON
59,Puerto Ayora,EC,78.76,broken clouds,-0.7393,-90.3518,Finch Bay Galapagos Hotel
63,Kavieng,PG,82.99,scattered clouds,-2.5744,150.7967,Nusa Island Retreat
73,Hilo,US,75.79,moderate rain,19.7297,-155.09,Hilo Hawaiian Hotel
79,Rikitea,PF,76.28,clear sky,-23.1203,-134.9692,People ThankYou
81,Bonthe,SL,80.85,scattered clouds,7.5264,-12.505,Bonthe Holiday Village
84,Sechura,PE,76.28,broken clouds,-5.5569,-80.8222,Hospedaje Costa Bella
86,Boa Vista,BR,91.38,few clouds,2.8197,-60.6733,Aipana Plaza Hotel
89,Belmonte,BR,75.7,broken clouds,-15.8631,-38.8828,Pousada Monte Carmelo O P√£o
91,Georgetown,MY,78.73,few clouds,5.4112,100.3354,Cititel Penang
92,Kroya,ID,77.67,overcast clouds,-7.6331,109.2461,RUSTANTO Fam
93,Iturama,BR,87.12,few clouds,-19.7281,-50.1956,Rep√∫blica DominaCana
94,Tres Arroyos,AR,79.2,broken clouds,-38.3739,-60.2798,Habitacion Triple con ba√±o y entrada privada
95,Butaritari,KI,82.69,broken clouds,3.0707,172.7902,Isles Sunset Lodge
96,San Rafael,AR,85.23,clear sky,-34.6177,-68.3301,Hotel San Rafael
104,Saint-Philippe,RE,78.39,broken clouds,-21.3585,55.7679,"Chambres d'h√¥te ""La Trinit√©"""
109,Kota Belud,MY,75.06,overcast clouds,6.351,116.4305,Tang Dynasty Lodge Kota Belud
112,Bengkulu,ID,77.7,overcast clouds,-3.8004,102.2655,Grage Hotel Bengkulu
113,Souillac,MU,73.36,clear sky,-20.5167,57.5167,Shanti Maurice Resort & Spa
115,Alta Floresta,BR,79.65,overcast clouds,-9.8756,-56.0861,Floresta Amazonica Hotel
116,Nikki,BJ,79.23,clear sky,9.9401,3.2108,Hotel John
119,Arraial Do Cabo,BR,75.06,clear sky,-22.9661,-42.0278,Pousada Porto Praia
120,Atuona,PF,78.48,light rain,-9.8,-139.0333,Villa Enata
121,Yeppoon,AU,73.18,overcast clouds,-23.1333,150.7333,Villa Mar Colina
124,Chiredzi,ZW,73.18,overcast clouds,-21.05,31.6667,Clevers Hotel Chiredzi
127,Lompoc,US,78.1,clear sky,34.6391,-120.4579,"Holiday Inn Express Lompoc, an IHG Hotel"
133,Palu,ID,75.81,overcast clouds,-0.8917,119.8707,Hotel Santika Palu
136,Tautira,PF,84.22,scattered clouds,-17.7333,-149.15,Pension Oaoa
139,Cabedelo,BR,81.27,scattered clouds,-6.9811,-34.8339,Hotel Pigalle
149,Cotonou,BJ,82.51,few clouds,6.3654,2.4183,Novotel Cotonou Orisha
154,Kudahuvadhoo,MV,80.82,overcast clouds,2.6708,72.8944,Niyama Private Islands Maldives
160,Paita,PE,75.76,broken clouds,-5.0892,-81.1144,Hotel N√°utico de Paita
161,Araguacu,BR,83.17,overcast clouds,-12.9306,-49.8264,Hotel Tocantins
163,Bo Rai,TH,71.83,overcast clouds,12.5728,102.5371,Baiboon Resort
165,Koutiala,ML,83.26,few clouds,12.3917,-5.4642,Hotel La Chaumiere
166,Bullhead City,US,71.02,clear sky,35.1478,-114.5683,Harrah's Laughlin
168,Byron Bay,AU,77.05,overcast clouds,-28.65,153.6167,Backpackers Inn
172,Viedma,AR,76.35,clear sky,-40.8135,-62.9967,Hotel Cristal
173,Kahului,US,85.26,scattered clouds,20.8947,-156.47,Maui Seaside Hotel
174,El Sauzal,MX,71.42,clear sky,31.9,-116.6833,La Rosas Hotel & Spa
175,Micco,US,75.25,broken clouds,27.8806,-80.5003,Seashell Suites Resort
176,Saposoa,PE,86.61,moderate rain,-6.934,-76.7716,Hostal Primavera
183,Teahupoo,PF,78.76,scattered clouds,-17.8333,-149.2667,Vanira Lodge
185,Acarau,BR,81.77,overcast clouds,-2.8856,-40.12,castelo pizzaria
188,Atambua,ID,75.16,broken clouds,-9.1061,124.8925,Pastori 1 Jemaat Polycarpus
190,Atar,MR,84.11,overcast clouds,20.5169,-13.0499,Oumou Elghoura
193,Kathu,TH,76.82,overcast clouds,7.9178,98.3332,Novotel Phuket Resort
194,Auki,SB,80.17,overcast clouds,-8.7676,160.7034,Auki Motel
195,Coromandel,BR,76.17,broken clouds,-18.4733,-47.2003,Hotel Dona Ad√©lia
196,Barinas,VE,80.38,broken clouds,8.6226,-70.2075,Hotel Mastranto Suite
197,Kibala,TD,78.44,few clouds,9.1104,18.3463,hotel safari
202,Lima,PE,72.9,light rain,-12.0432,-77.0282,Gran Hotel Bolivar Lima
208,Castro,BR,75.31,broken clouds,-24.7911,-50.0119,CHACARA BAILLY
209,San Cristobal,VE,77.18,overcast clouds,7.7669,-72.225,Posada Villaven C.A.
211,Pangai,TO,84.31,broken clouds,-19.8,-174.35,Ha'apai Beach Resort
213,Buala,SB,82.26,light rain,-8.145,159.5921,Maringe Lagoon Lodge
215,Nuevitas,CU,74.64,overcast clouds,21.5453,-77.2644,Hotel Caonaba
218,Valpoi,IN,72.82,scattered clouds,15.5305,74.1356,Cajueiro Homestead
223,Vao,NC,75.04,scattered clouds,-22.6667,167.4833,Hotel Kou-Bugny
225,Maningrida,AU,81.0,overcast clouds,-12.0667,134.2667,Dhukurrdji Lodge
227,Biak,ID,76.6,overcast clouds,-0.9131,122.8766,Penginapan Kim
232,Bayshore Gardens,US,79.05,scattered clouds,27.4253,-82.5904,Ramada by Wyndham Sarasota Waterfront
235,Pacific Grove,US,74.3,clear sky,36.6177,-121.9166,Lovers Point Inn
237,San Vicente,AR,77.54,moderate rain,-26.6167,-54.1333,Complejo Tur√≠stico Farelluk
239,Pathein,MM,73.17,overcast clouds,16.7833,94.7333,New Pammawaddy Hotel
243,Cabo San Lucas,MX,81.7,broken clouds,22.8909,-109.9124,Hotel Tesoro Los Cabos
247,Sibolga,ID,75.96,overcast clouds,1.7427,98.7792,Hotel Syariah CN Darussalam
248,Poum,NC,77.07,clear sky,-20.2333,164.0167,G√Æte kajeon
250,Bambanglipuro,ID,77.77,overcast clouds,-7.95,110.2833,Puri Brata
253,Camapua,BR,82.47,overcast clouds,-19.5314,-54.0439,Comercial Estrela
256,Jacksonville Beach,US,73.15,overcast clouds,30.2947,-81.3931,Courtyard by Marriott Jacksonville Beach Oceanfront
257,Tecoanapa,MX,83.97,clear sky,16.5167,-98.75,Hotel Manglares
259,Gouyave,GD,84.97,few clouds,12.1646,-61.7296,Rumboat Retreat
260,Diego De Almagro,CL,77.81,clear sky,-26.3667,-70.05,hotel luna del desierto
263,Kavaratti,IN,81.48,overcast clouds,10.5669,72.642,Hotels in Lakshadweep Islands
264,Finschhafen,PG,80.83,light rain,-6.6024,147.8681,Cossam Guest House
265,Lasalgaon,IN,70.92,scattered clouds,20.15,74.2333,Dhanraj Hotel
266,Balud,PH,79.36,overcast clouds,10.1476,123.6953,Pulchra Resort
267,Sao Jose Da Coroa Grande,BR,79.79,few clouds,-8.8978,-35.1478,Cr√¥a Mares Hotel
269,Tabou,CI,80.65,scattered clouds,4.423,-7.3528,hot√™l doufoulougou
270,San Jose,US,73.09,broken clouds,37.3394,-121.895,The Westin San Jose
271,Santa Vitoria,BR,85.33,overcast clouds,-18.8386,-50.1214,Center Hotel
274,Guerrero Negro,MX,75.47,clear sky,27.9769,-114.0611,"Casa Laguna, Bed & Breakfast"
279,Gladstone,AU,73.33,light rain,-23.85,151.25,Highpoint International
282,Port Keats,AU,80.15,overcast clouds,-14.25,129.55,TDC Village (Hundred Man Camp)
285,Ambon,ID,77.14,few clouds,-3.6954,128.1814,Swiss-Belhotel Ambon
287,Augusto Correa,BR,79.61,overcast clouds,-1.0217,-46.635,Fazenda Bacuri
298,Bintulu,MY,77.25,moderate rain,3.1667,113.0333,900 Boutique INN
299,Loa Janan,ID,73.54,overcast clouds,-0.583,117.095,PONDOK COKLAT HATTA CAB. LOA JANAN ILIR
300,Altagracia De Orituco,VE,80.47,broken clouds,9.8601,-66.3814,Posada Quinta Mi Refugio
301,Hambantota,LK,77.27,overcast clouds,6.1241,81.1185,Bungalow 63
303,Boyolangu,ID,76.41,moderate rain,-8.1181,111.8935,Yos ega cv
306,Trinidad,BO,78.73,overcast clouds,-14.8333,-64.9,Hotel Piesta
307,Padang,ID,77.05,broken clouds,-0.9492,100.3543,Mercure Padang
309,Garowe,SO,74.71,clear sky,8.4054,48.4845,Curubo Hotel
311,Kanniyakumari,IN,77.16,light rain,8.0833,77.5667,Sparsa
312,Samarai,PG,83.5,overcast clouds,-10.6167,150.6667,Nuli Sapi
314,Mareeba,AU,74.44,overcast clouds,-17.0,145.4333,Trinity Plains Tourist Park
315,Lorengau,PG,81.63,overcast clouds,-2.0226,147.2712,Lorengau Harbourside Hotel
319,Paraiso,CR,71.96,overcast clouds,9.8383,-83.8656,Hotel Rinconcito Verde
329,Honiara,SB,80.6,overcast clouds,-9.4333,159.95,Heritage Park Hotel
330,Port-Gentil,GA,80.26,overcast clouds,-0.7193,8.7815,Fengshui Residence
333,Ca Mau,VN,73.45,overcast clouds,9.1769,105.15,Kh√°ch S·∫°n M∆∞·ªùng Thanh Luxury C√† Mau
337,Cayenne,GF,82.44,clear sky,4.9333,-52.3333,H√¥tel Le Dronmi
340,Gemena,CD,73.42,clear sky,3.25,19.7667,H√¥tel Goshen
345,Akyab,MM,73.36,clear sky,20.15,92.9,Hotel Memory
346,Vila Do Maio,CV,77.79,overcast clouds,15.1333,-23.2167,Hotel Marilu
349,Moron,AR,72.0,overcast clouds,-34.6534,-58.6198,Hotel Mor√≥n
350,Half Moon Bay,US,71.49,clear sky,37.4636,-122.4286,"The Ritz-Carlton, Half Moon Bay"
354,Ternate,ID,79.47,overcast clouds,0.8,127.4,Sahid Bela Ternate Hotel
355,Estelle,US,77.0,overcast clouds,29.8458,-90.1067,Boomtown Casino & Hotel New Orleans
356,Imbituba,BR,75.09,overcast clouds,-28.24,-48.6703,Praia Hotel Imbituba
360,Hithadhoo,MV,81.32,overcast clouds,-0.6,73.0833,Scoop Guest House
364,Los Algarrobos,PA,83.46,broken clouds,8.5,-82.4333,Waterfall Hostel
365,Barahona,DO,85.82,broken clouds,18.2085,-71.1008,Hotel Caribe
366,Gurupa,BR,82.65,moderate rain,-1.405,-51.64,Hotel Vit√≥ria
367,Cockburn Town,TC,78.76,scattered clouds,21.4612,-71.1419,Osprey Beach Hotel
369,Muisne,EC,74.5,overcast clouds,0.6,-80.0333,Quinta Samay
373,Acari,PE,75.36,overcast clouds,-15.4311,-74.6158,HOSPEDAJE XIMENA
379,Faanui,PF,82.35,clear sky,-16.4833,-151.75,Bora-Bora Pearl Beach Resort & Spa
381,Bilma,NE,77.83,clear sky,18.6853,12.9164,Expeditions T√©n√©re voyages
384,Caravelas,BR,73.98,clear sky,-17.7125,-39.2481,Pousada dos Navegantes
385,Puerto Narino,CO,87.75,overcast clouds,-3.7703,-70.3831,Eware Refugio Amazonico
389,El Arenal,MX,79.93,scattered clouds,20.7833,-103.7,Hotel el campesino
390,Moranbah,AU,74.97,light rain,-22.0016,148.0466,Direct Hotels - Monterey Moranbah
393,Sao Filipe,CV,78.33,broken clouds,14.8961,-24.4956,Hotel Xaguate
394,Mlonggo,ID,73.53,overcast clouds,-6.5333,110.7,Asia Metal Art
395,Sao Gabriel Da Cachoeira,BR,81.84,overcast clouds,-0.1303,-67.0892,Alarne - √Årea De Lazer Do Alto Rio Negro
398,Abu Dhabi,AE,77.97,clear sky,24.4667,54.3667,Ramee Garden Hotel Apartments
400,Miracema Do Tocantins,BR,76.17,overcast clouds,-9.5618,-48.3967,Miami Apart Hotel
401,Moerai,PF,76.48,light rain,-22.4333,-151.3333,Le Manotel
404,Sungairaya,ID,78.66,overcast clouds,0.7,108.9,Mess P.Milu
407,Bathsheba,BB,81.37,broken clouds,13.2167,-59.5167,Atlantis Hotel
409,Omboue,GA,77.97,overcast clouds,-1.5746,9.2618,Hotel Olako
411,Bambous Virieux,MU,72.21,clear sky,-20.3428,57.7575,Casa Tia Villa
412,Denpasar,ID,76.71,scattered clouds,-8.65,115.2167,ASTON Denpasar Hotel & Convention Center
419,Saint-Joseph,RE,77.38,scattered clouds,-21.3667,55.6167,"""Plantation Bed and Breakfast"
420,Ixtapa,MX,83.43,broken clouds,20.7,-105.2,Hotel Plaza Providencia
421,Port Blair,IN,78.13,overcast clouds,11.6667,92.75,"Welcomhotel By ITC Hotels, Bay Island, Port Blair"
422,Gweta,BW,77.25,few clouds,-20.1833,25.2333,Gweta Lodge
425,Nampula,MZ,71.96,overcast clouds,-15.1165,39.2666,BUTIK Hotel
434,Rosarito,MX,79.39,clear sky,32.3333,-117.0333,Hotel Festival Plaza Rosarito
435,Bandarbeyla,SO,78.94,light rain,9.4942,50.8122,JABIR HOTEL
438,Colombo,LK,77.83,overcast clouds,6.9319,79.8478,Galle Face Hotel
439,Zabid,YE,80.38,clear sky,14.1951,43.3152,ŸÖÿ∫ÿ±ÿ® ÿßŸÑÿ™ÿ±Ÿäÿ®Ÿá
444,Kieta,PG,82.15,scattered clouds,-6.2167,155.6333,Uruna Bay Retreat
445,Isangel,VU,82.51,scattered clouds,-19.55,169.2667,Tanna Lodge
448,Dubti,ET,81.72,clear sky,11.7361,41.0853,degu Shiferaw
451,Quang Ngai,VN,71.37,moderate rain,15.1167,108.8,Central Hotel
453,Vaitape,PF,82.35,clear sky,-16.5167,-151.75,Conrad Bora Bora Nui
455,Coffs Harbour,AU,73.36,light intensity shower rain,-30.3,153.1333,Aquajet Motel
456,Wewak,PG,77.58,overcast clouds,-3.5534,143.6268,In Wewak Boutique Hotel
457,Sao Jose De Ribamar,BR,84.58,overcast clouds,-2.5619,-44.0542,Mediterr√¢nea Hotel e Restaurante
459,Vega De Alatorre,MX,77.79,few clouds,20.0333,-96.6333,El Polo Norte
462,Kalmunai,LK,77.4,overcast clouds,7.4167,81.8167,VS Villa
463,Formosa,AR,80.58,broken clouds,-26.1775,-58.1781,Hotel Portal del Sol
465,Tabuk,PH,71.44,overcast clouds,17.4189,121.4443,Golden Berries Hotel and Convention
466,Bambari,CF,76.51,few clouds,5.768,20.6757,Hotel-Restaurant BIBICH
468,Inirida,CO,80.06,overcast clouds,3.8653,-67.9239,Fuente del Guania Hotel de Lujo
472,Inhambane,MZ,70.52,clear sky,-23.865,35.3833,Oceano
477,Karwar,IN,77.11,light rain,14.8,74.1333,Netalco Connects
479,Natal,BR,83.05,scattered clouds,-5.795,-35.2094,Villa Park Hotel | Natal
481,Kokoda,PG,76.12,overcast clouds,-8.8785,147.7407,Daito Guest House
482,Aracati,BR,81.3,few clouds,-4.5617,-37.7697,Motel Pousada Milleniun - Aracati-CE
484,Valparaiso,CL,80.83,clear sky,-33.0393,-71.6273,Hotel Ultramar
487,Bubaque,GW,83.46,overcast clouds,11.2833,-15.8333,"Casa Dora, Bubaque"
490,Vila Velha,BR,76.95,broken clouds,-20.3297,-40.2925,Quality Suites Vila Velha
493,Toumodi,CI,79.99,scattered clouds,6.5613,-5.0158,Hotel Akanza
495,Grand Gaube,MU,72.37,clear sky,-20.0064,57.6608,Veranda Paul et Virginie Hotel & Spa
499,Meulaboh,ID,77.05,overcast clouds,4.1363,96.1285,Kost Pria
500,Puerto Baquerizo Moreno,EC,74.39,broken clouds,-0.9,-89.6,Hotel los Algarrobos
501,Matara,LK,75.06,overcast clouds,5.9485,80.5353,Amaloh Boutique Resort
502,Cidreira,BR,70.29,heavy intensity rain,-30.1811,-50.2056,Hotel Castelo
503,Jalu,LY,71.06,clear sky,29.0331,21.5482,ÿµÿßÿ≠ÿ®ÿ© ÿßŸÑŸÅÿÆÿßŸÖÿ©
505,Nzerekore,GN,73.98,clear sky,7.7562,-8.8179,Hotel de la Gare & Germanho Club
507,Trincomalee,LK,80.37,overcast clouds,8.5711,81.2335,Welcombe Hotel
511,Harper,LR,80.33,broken clouds,4.375,-7.7169,Screensaver
517,Porto Novo,BJ,84.02,few clouds,6.4965,2.6036,Tour Eiffel Hotel Benin
518,Jaumave,MX,74.48,few clouds,23.4167,-99.3833,HOTEL CIENEGA
519,Neiafu,TO,84.88,light rain,-18.65,-173.9833,Mystic Sands Beachfront Accommodation
522,Pedra,BR,84.34,scattered clouds,-8.4969,-36.9408,Pousada Oceanus
523,Singarayakonda,IN,78.06,overcast clouds,15.25,80.0333,srinu tiffen center
524,Codajas,BR,86.13,overcast clouds,-3.8367,-62.0569,Atl√¢ntic Hotel
525,Yucaipa,US,70.27,clear sky,34.0336,-117.0431,Yucaipa Regional Park
528,Balabac,PH,79.81,overcast clouds,7.9868,117.0645,Sing and Swing Lodge
529,Anloga,GH,82.8,scattered clouds,5.7947,0.8973,Pin Drop Hotel
530,Qui Nhon,VN,73.49,overcast clouds,13.7667,109.2333,Hoang Yen Canary Hotel
532,Pedra Branca,BR,87.21,broken clouds,-5.4542,-39.7172,Ch√°cara Ver√ßoza
534,Ghanzi,BW,81.19,clear sky,-21.5667,21.7833,Ghanzi Farmhouse
535,Zaraza,VE,84.11,overcast clouds,9.3503,-65.3245,Hotel Zaraza
537,Alofi,NU,82.29,light rain,-19.0595,-169.9187,Taloa Heights
538,Piacabucu,BR,80.1,scattered clouds,-10.4056,-36.4344,Pia√ßabu√ßu News
539,Santa Maria La Alta,MX,72.14,clear sky,18.6,-97.6667,Hotel linda vista
545,Talara,PE,75.96,clear sky,-4.5772,-81.2719,Hostal Oro Negro
548,George Town,MY,78.73,scattered clouds,5.4112,100.3354,Cititel Penang
552,Mairana,BO,70.36,broken clouds,-18.1167,-63.9333,Mi Terru√±o
553,Cap Malheureux,MU,73.47,clear sky,-19.9842,57.6142,Pereybere Hotel & Spa
556,Puri,IN,72.12,few clouds,19.8,85.85,OYO 1577 Hotel Shree Hari Grand
559,Coahuayana,MX,92.68,clear sky,18.7333,-103.6833,El rranchito michuacan de ocampos
560,Canutama,BR,89.02,moderate rain,-6.5339,-64.3831,Hotel Jhennifer
561,Santa Cruz,BO,86.05,scattered clouds,-17.8,-63.1667,Aviador Hotel Boutique
566,Caucaia,BR,85.06,clear sky,-3.7361,-38.6531,M.O.S. Log√≠stica - Filial Fortaleza
568,Nouadhibou,MR,76.98,few clouds,20.931,-17.0347,El Medina
574,Kloulklubed,PW,83.64,broken clouds,7.0419,134.2556,Storyboard Beach Resort
576,Oussouye,SN,80.78,overcast clouds,12.485,-16.5469,Auberge du Routard
579,Vanimo,PG,76.3,overcast clouds,-2.6741,141.3028,Vahmoneh Lodge Vanimo
581,Bartica,GY,80.92,overcast clouds,6.4,-58.6167,Sloth Island Nature Resort
584,Puerto Carreno,CO,85.95,overcast clouds,6.189,-67.4859,Casa Hotel Victoria
587,Beberibe,BR,85.15,scattered clouds,-4.1797,-38.1306,Villa Arte Pousada Morro Branco
588,Baracoa,CU,77.14,overcast clouds,20.3467,-74.4958,Hostal Rio Miel
596,Barreirinhas,BR,81.68,overcast clouds,-2.7469,-42.8264,Gran Len√ß√≥is Flat Residence
597,San Lorenzo,PY,76.59,thunderstorm,-25.3333,-57.5333,Hotel del Sur
600,Sahuaripa,MX,75.7,broken clouds,29.05,-109.2333,Estatua de Sahuaripa
602,Mongagua,BR,85.03,few clouds,-24.0931,-46.6208,Hostel Aloha Brasil
605,Bowen,AU,77.34,overcast clouds,-20.0167,148.2333,Castle Motor Lodge Motel
606,Nautla,MX,77.63,clear sky,20.2167,-96.7833,Casa Blanca
609,Marsh Harbour,BS,72.95,broken clouds,26.5412,-77.0636,Abaco Beach Resort
610,Mizque,BO,78.8,scattered clouds,-17.941,-65.3402,Hotel Mizque Boutique
612,Mocuba,MZ,72.43,light rain,-16.8392,36.9856,Phama Lodge
613,Wajid,SO,82.76,overcast clouds,3.8093,43.2471,xamdihotelresturant114
616,Marechal Candido Rondon,BR,87.26,moderate rain,-24.5561,-54.0567,Hotel Bender
620,Luis Correia,BR,86.0,few clouds,-2.8792,-41.6669,Hotel Amarra√ß√£o
623,Teodoro Sampaio,BR,84.18,heavy intensity rain,-22.5325,-52.1675,MINI HOTEL
624,La Primavera,CO,79.12,overcast clouds,5.4906,-70.4092,La Riviera Hotel Colonial
625,Puerto Ayacucho,VE,84.47,overcast clouds,5.6639,-67.6236,Posada Turistica Manapiare
626,Kedougou,SN,84.78,clear sky,12.5579,-12.1743,Relais de K√©dougou
627,Tual,ID,82.78,overcast clouds,-5.6667,132.75,Grand Vilia Hotel
628,Kilindoni,TZ,81.61,few clouds,-7.9139,39.6668,Bustani B&B
630,Mahibadhoo,MV,80.38,overcast clouds,3.7833,72.9667,Omadhoo Inn
639,Champerico,GT,93.74,broken clouds,14.3,-91.9167,"Hotel y restaurante ""El Diamante"""
641,Linguere,SN,85.96,overcast clouds,15.3953,-15.1193,AYO Casablanca
647,Dingle,PH,75.7,overcast clouds,10.9995,122.6711,SEGAYA PROPERTY
651,Laplace,US,75.97,overcast clouds,30.0666,-90.4801,Hampton Inn Laplace
654,Tarakan,ID,76.5,scattered clouds,3.3,117.6333,RedDoorz Syariah near Taman Berlabuh Tarakan
655,Itapaci,BR,81.63,overcast clouds,-14.9508,-49.5494,Gold Pallace Hotel
656,Tete,MZ,75.29,broken clouds,-16.1564,33.5867,Zambeze Para√≠so Misterioso
657,Misratah,LY,72.19,clear sky,32.3754,15.0925,Almasa Hotel
658,Mulchen,CL,80.46,clear sky,-37.7167,-72.2333,Hotel Los Maitenes de Villal√≥n
660,Rio Grande,BR,73.51,overcast clouds,-32.035,-52.0986,Hotel Atl√¢ntico Rio Grande
663,Panama City,PA,83.43,scattered clouds,8.9936,-79.5197,Riande Urban Hotel
664,Olinda,BR,82.13,scattered clouds,-8.0089,-34.8553,Hotel Albergue de Olinda
666,Iquitos,PE,87.84,broken clouds,-3.7481,-73.2472,Casa Morey Hotel & Restaurant
668,Bajos De Haina,DO,80.56,scattered clouds,18.4154,-70.0332,Familia Garc√≠a Santana
669,Itacoatiara,BR,85.59,broken clouds,-3.1431,-58.4442,BBB Rooms Centro Itacoatiara AM
672,Manokwari,ID,78.33,scattered clouds,-0.8667,134.0833,Swiss Belhotel Manokwari
674,Karratha,AU,78.85,broken clouds,-20.7377,116.8463,ibis Styles Karratha
676,Santo Estevao,BR,72.68,broken clouds,-12.4303,-39.2514,Campo Hotel
678,Necochea,AR,73.04,broken clouds,-38.5473,-58.7368,dyd -mar Hotel
681,Bage,BR,74.98,overcast clouds,-31.3314,-54.1069,Hotel Obino - Bag√©
683,Barrancabermeja,CO,84.43,scattered clouds,7.0653,-73.8547,Hotel Millenium Barrancabermeja
684,Kattivakkam,IN,80.08,moderate rain,13.2167,80.3167,Euronova Freezer
685,Phan Thiet,VN,74.32,overcast clouds,10.9333,108.1,Hotel Saigon-PT
689,Pauini,BR,88.93,broken clouds,-7.7136,-66.9764,Casa do Kiwliks
696,Pointe-Noire,CG,78.33,overcast clouds,-4.7761,11.8635,Kactus Lodge
697,Guantanamo,CU,81.97,broken clouds,20.1444,-75.2092,Hotel Guant√°namo
698,Morondava,MG,76.66,scattered clouds,-20.2833,44.2833,La Case Bambou
700,Puerto Quijarro,BO,91.56,overcast clouds,-17.7833,-57.7667,Hotel palance
702,Balikpapan,ID,75.11,overcast clouds,-1.2675,116.8289,ibis Balikpapan
