City_ID,City,Country,Lat,Lng,Max Temp,Humidity,Cloudiness,Wind Speed,Current Description
0,Podyuga,RU,61.095,40.8647,28.78,96,100,10.67,snow
1,Provideniya,RU,64.3833,-173.3,3.31,60,40,8.95,scattered clouds
2,Eyl,SO,7.9803,49.8164,78.8,82,19,19.82,few clouds
3,Hermanus,ZA,-34.4187,19.2345,63.81,74,0,25.88,clear sky
4,Namwala,ZM,-15.7504,26.4384,73.33,66,79,4.7,broken clouds
5,Kargat,RU,55.1956,80.2811,-6.02,99,23,7.07,few clouds
6,Fortuna,US,40.5982,-124.1573,61.86,69,1,1.01,clear sky
7,Vaini,TO,-21.2,-175.2,80.33,74,56,5.59,broken clouds
8,Albany,US,42.6001,-73.9662,43.75,65,100,1.74,overcast clouds
9,Moundou,TD,8.5667,16.0833,77.88,27,42,2.1,scattered clouds
10,Juneau,US,58.3019,-134.4197,37.85,94,90,13.8,mist
11,Avarua,CK,-21.2078,-159.775,80.65,83,6,10.36,light rain
12,Koslan,RU,63.4564,48.8989,6.31,98,100,2.71,overcast clouds
13,Ushuaia,AR,-54.8,-68.3,43.25,93,100,6.98,moderate rain
14,Mchinji,MW,-13.7984,32.8802,66.09,94,100,7.52,overcast clouds
15,Tailai,CN,46.3833,123.4,9.1,87,25,4.09,scattered clouds
16,Port Elizabeth,ZA,-33.918,25.5701,64.69,72,75,21.85,broken clouds
17,Thompson,CA,55.7435,-97.8558,5.9,81,98,4.5,overcast clouds
18,Kapaa,US,22.0752,-159.319,79.2,70,73,3.0,broken clouds
19,Upington,ZA,-28.4478,21.2561,74.41,40,100,23.24,overcast clouds
20,Carnarvon,AU,-24.8667,113.6333,76.6,41,0,9.91,clear sky
21,Cape Town,ZA,-33.9258,18.4232,69.35,55,0,13.53,clear sky
22,Ilulissat,GL,69.2167,-51.1,24.82,68,99,14.97,overcast clouds
23,Barrow,US,71.2906,-156.7887,-9.38,70,20,14.97,haze
24,Qaanaaq,GL,77.484,-69.3632,-3.17,70,100,6.13,overcast clouds
25,Comodoro Rivadavia,AR,-45.8667,-67.5,59.99,58,98,21.52,overcast clouds
26,Sinnamary,GF,5.3833,-52.95,80.15,81,63,5.97,broken clouds
27,Nishihara,JP,26.1842,127.7558,67.28,68,75,10.36,broken clouds
28,Furano,JP,43.2818,142.4743,25.56,94,93,5.55,light snow
29,Mahebourg,MU,-20.4081,57.7,73.26,72,0,2.1,clear sky
30,Hobyo,SO,5.3505,48.5268,81.19,82,53,17.52,light rain
31,Ozark,US,37.0209,-93.206,43.45,59,26,7.0,scattered clouds
32,Cherskiy,RU,68.75,161.3,-24.36,100,100,3.36,overcast clouds
33,Zhigalovo,RU,54.8097,105.1578,16.75,92,100,3.15,overcast clouds
34,Ribeira Grande,PT,38.5167,-28.7,61.2,72,40,24.16,scattered clouds
35,Sao Joao Da Barra,BR,-21.6403,-41.0511,73.71,77,3,9.53,clear sky
36,Lebu,CL,-37.6167,-73.65,60.75,78,16,11.07,few clouds
37,Port Alfred,ZA,-33.5906,26.891,64.53,71,100,23.26,overcast clouds
38,Shimoda,JP,34.6667,138.95,47.1,65,0,22.06,clear sky
39,Bethel,US,41.3712,-73.414,55.04,51,20,3.44,few clouds
40,Busselton,AU,-33.65,115.3333,59.04,80,92,10.27,overcast clouds
41,Jacareacanga,BR,-6.2222,-57.7528,78.57,94,99,2.68,moderate rain
42,Marsaxlokk,MT,35.8419,14.5431,63.09,88,0,6.91,clear sky
43,Korem,ET,12.5058,39.5228,56.08,65,79,6.53,broken clouds
44,Tayu,ID,-6.5397,111.0518,77.9,87,100,5.23,overcast clouds
45,Waingapu,ID,-9.6567,120.2641,80.1,79,96,2.44,overcast clouds
46,Rudnogorsk,RU,57.2639,103.7519,16.32,96,100,3.13,light snow
47,Tuktoyaktuk,CA,69.4541,-133.0374,-1.82,95,100,15.86,overcast clouds
48,Rangapara,IN,26.8167,92.65,59.59,73,32,4.76,scattered clouds
49,Olafsvik,IS,64.8945,-23.7142,31.95,71,43,19.28,scattered clouds
50,Codrington,AU,-38.2667,141.9667,53.44,70,49,23.8,scattered clouds
51,Srednekolymsk,RU,67.45,153.6833,-34.31,100,19,2.37,few clouds
52,Chuy,UY,-33.6971,-53.4616,72.09,65,98,4.07,overcast clouds
53,New Norfolk,AU,-42.7826,147.0587,51.75,67,23,3.49,few clouds
54,Punta Arenas,CL,-53.15,-70.9167,51.12,50,46,23.62,scattered clouds
55,Touros,BR,-5.1989,-35.4608,83.3,77,54,11.36,broken clouds
56,Yangjiang,CN,21.85,111.9667,61.59,63,34,5.91,scattered clouds
57,Hobart,AU,-42.8794,147.3294,52.11,70,40,4.0,scattered clouds
58,Taoudenni,ML,22.6783,-3.9836,80.4,29,100,8.37,overcast clouds
59,Puerto Ayora,EC,-0.7393,-90.3518,78.76,86,69,10.0,broken clouds
60,Port Hardy,CA,50.6996,-127.4199,45.45,93,100,19.22,light rain
61,Poya,NC,-21.35,165.15,78.76,67,3,4.61,clear sky
62,Fairbanks,US,64.8378,-147.7164,-7.02,78,100,2.57,overcast clouds
63,Kavieng,PG,-2.5744,150.7967,82.99,70,36,7.31,scattered clouds
64,Nikolskoye,RU,59.7035,30.7861,42.03,89,100,14.14,overcast clouds
65,Luderitz,NA,-26.6481,15.1594,59.85,94,11,3.42,few clouds
66,Dingzhou,CN,38.5131,114.9956,39.09,55,0,2.93,clear sky
67,Mar Del Plata,AR,-38.0023,-57.5575,64.87,84,100,5.01,overcast clouds
68,Hameenlinna,FI,60.996,24.4643,35.74,93,100,0.34,overcast clouds
69,Upernavik,GL,72.7868,-56.1549,22.05,87,100,11.12,overcast clouds
70,East London,ZA,-33.0153,27.9116,63.52,77,100,16.78,overcast clouds
71,Marzuq,YE,14.4,46.4667,68.59,33,100,2.08,overcast clouds
72,Pisco,PE,-13.7,-76.2167,69.85,73,0,16.11,clear sky
73,Hilo,US,19.7297,-155.09,75.79,97,85,1.99,moderate rain
74,Tiksi,RU,71.6872,128.8694,0.05,82,100,5.53,overcast clouds
75,Damietta,EG,31.4165,31.8133,68.11,67,76,2.48,broken clouds
76,Petropavlovsk-Kamchatskiy,RU,53.0452,158.6483,34.39,69,75,8.95,broken clouds
77,Sault Sainte Marie,CA,46.5168,-84.3333,28.96,80,90,10.36,snow
78,Nelson Bay,AU,-32.7167,152.15,66.09,96,100,3.0,light rain
79,Rikitea,PF,-23.1203,-134.9692,76.28,75,6,12.77,clear sky
80,Dikson,RU,73.5069,80.5464,-4.25,95,100,3.85,overcast clouds
81,Bonthe,SL,7.5264,-12.505,80.85,83,34,7.47,scattered clouds
82,Severo-Kurilsk,RU,50.6789,156.125,35.37,87,100,6.8,overcast clouds
83,Kodiak,US,57.79,-152.4072,18.91,58,20,28.77,volcanic ash
84,Sechura,PE,-5.5569,-80.8222,76.28,61,82,16.62,broken clouds
85,Geraldton,AU,-28.7667,114.6,61.21,59,0,6.91,clear sky
86,Boa Vista,BR,2.8197,-60.6733,91.38,49,20,4.61,few clouds
87,Arman,RU,59.7,150.1667,-3.89,81,16,12.44,few clouds
88,Chulman,RU,56.8479,124.9104,-8.0,99,100,1.12,overcast clouds
89,Belmonte,BR,-15.8631,-38.8828,75.7,78,64,9.89,broken clouds
90,Port Hedland,AU,-20.3167,118.5667,69.85,78,16,5.75,few clouds
91,Georgetown,MY,5.4112,100.3354,78.73,90,20,0.0,few clouds
92,Kroya,ID,-7.6331,109.2461,77.67,84,92,2.26,overcast clouds
93,Iturama,BR,-19.7281,-50.1956,87.12,43,20,9.6,few clouds
94,Tres Arroyos,AR,-38.3739,-60.2798,79.2,41,83,8.88,broken clouds
95,Butaritari,KI,3.0707,172.7902,82.69,72,84,16.15,broken clouds
96,San Rafael,AR,-34.6177,-68.3301,85.23,20,0,9.26,clear sky
97,Kumluca,TR,36.3703,30.2869,55.67,73,8,4.18,clear sky
98,Saldanha,ZA,-33.0117,17.9442,68.76,51,0,17.9,clear sky
99,San Patricio,US,28.017,-97.5169,60.66,65,100,20.11,heavy intensity rain
100,Joshimath,IN,30.5667,79.5667,45.79,28,0,7.11,clear sky
101,Pingliang,CN,35.5392,106.6861,36.18,32,9,3.29,clear sky
102,Bilibino,RU,68.0546,166.4372,-25.49,99,98,3.36,overcast clouds
103,Sobolevo,RU,54.4299,31.8996,31.23,87,36,15.48,scattered clouds
104,Saint-Philippe,RE,-21.3585,55.7679,78.39,83,53,4.56,broken clouds
105,Bayburt,TR,40.2589,40.2278,36.01,99,100,1.52,light rain
106,Kaitangata,NZ,-46.2817,169.8464,56.07,67,100,2.48,moderate rain
107,Aasiaat,GL,68.7098,-52.8699,15.87,84,99,8.84,overcast clouds
108,Tobermory,CA,45.2501,-81.6665,36.3,95,100,15.05,overcast clouds
109,Kota Belud,MY,6.351,116.4305,75.06,89,100,3.76,overcast clouds
110,Dandong,CN,40.1292,124.3947,29.41,58,99,4.29,overcast clouds
111,Yellowknife,CA,62.456,-114.3525,10.42,87,90,16.11,light snow
112,Bengkulu,ID,-3.8004,102.2655,77.7,82,99,3.31,overcast clouds
113,Souillac,MU,-20.5167,57.5167,73.36,74,0,2.08,clear sky
114,Vilyuysk,RU,63.7553,121.6247,-0.92,95,100,3.33,overcast clouds
115,Alta Floresta,BR,-9.8756,-56.0861,79.65,87,91,1.59,overcast clouds
116,Nikki,BJ,9.9401,3.2108,79.23,29,6,3.67,clear sky
117,Tasiilaq,GL,65.6145,-37.6368,32.16,55,2,9.57,clear sky
118,Dali,CN,25.7,100.1833,42.04,84,0,1.52,clear sky
119,Arraial Do Cabo,BR,-22.9661,-42.0278,75.06,78,0,16.11,clear sky
120,Atuona,PF,-9.8,-139.0333,78.48,80,12,18.5,light rain
121,Yeppoon,AU,-23.1333,150.7333,73.18,82,100,5.01,overcast clouds
122,Bredasdorp,ZA,-34.5322,20.0403,63.28,75,11,24.9,few clouds
123,Stykkisholmur,IS,65.0757,-22.7297,28.56,72,52,14.25,broken clouds
124,Chiredzi,ZW,-21.05,31.6667,73.18,57,100,10.58,overcast clouds
125,Great Yarmouth,GB,52.6083,1.7305,39.45,74,100,17.83,overcast clouds
126,Bluff,NZ,-46.6,168.3333,52.38,94,100,11.43,overcast clouds
127,Lompoc,US,34.6391,-120.4579,78.1,39,1,7.0,clear sky
128,Erzin,TR,36.9559,36.2,56.12,88,100,3.33,overcast clouds
129,Svetlyy,RU,54.675,20.1347,39.25,72,100,18.52,overcast clouds
130,Ojinaga,MX,29.5667,-104.4167,66.42,29,1,17.27,clear sky
131,Maarianhamina,AX,60.0973,19.9348,33.66,69,20,8.05,few clouds
132,Tonstad,NO,58.6626,6.7169,38.35,76,100,8.19,overcast clouds
133,Palu,ID,-0.8917,119.8707,75.81,93,100,3.09,overcast clouds
134,Khatanga,RU,71.9667,102.5,-19.55,100,98,3.11,overcast clouds
135,Balkhash,KZ,46.844,74.9804,25.3,64,45,20.2,scattered clouds
136,Tautira,PF,-17.7333,-149.15,84.22,77,32,16.49,scattered clouds
137,Falam,MM,22.9167,93.6833,48.47,86,1,2.51,clear sky
138,Kruisfontein,ZA,-34.0033,24.7314,61.88,80,100,18.99,overcast clouds
139,Cabedelo,BR,-6.9811,-34.8339,81.27,74,31,10.18,scattered clouds
140,Pafos,CY,34.7667,32.4167,58.91,82,20,8.05,few clouds
141,Mount Isa,AU,-20.7333,139.5,67.77,68,40,4.61,scattered clouds
142,Puerto Del Rosario,ES,28.5004,-13.8627,67.75,64,20,9.22,few clouds
143,Saint George,US,37.1041,-113.5841,59.34,21,1,4.0,clear sky
144,Rincon,US,32.296,-81.2354,69.98,58,75,6.91,broken clouds
145,Constitucion,CL,-35.3333,-72.4167,65.97,58,12,18.32,few clouds
146,Abalak,RU,58.1286,68.5944,2.35,97,39,5.21,scattered clouds
147,La Paz,BO,-16.5,-68.15,53.58,76,75,8.05,broken clouds
148,Hofn,IS,64.2539,-15.2082,30.65,61,0,30.27,clear sky
149,Cotonou,BJ,6.3654,2.4183,82.51,79,13,11.72,few clouds
150,Jamestown,US,42.097,-79.2353,44.19,92,90,5.01,overcast clouds
151,Rawson,AR,-43.3002,-65.1023,65.71,45,22,14.63,few clouds
152,Mehran,IR,33.1222,46.1646,67.08,39,97,2.73,overcast clouds
153,Pevek,RU,69.7008,170.3133,-12.26,99,100,1.32,overcast clouds
154,Kudahuvadhoo,MV,2.6708,72.8944,80.82,71,99,14.38,overcast clouds
155,Sangar,RU,63.9242,127.4739,-11.6,88,100,6.38,overcast clouds
156,Galveston,US,29.3669,-94.9669,67.96,92,100,1.99,light rain
157,Helong,CN,42.5397,128.9972,17.6,70,99,5.26,overcast clouds
158,Kasongo-Lunda,CD,-6.4667,16.8167,68.47,98,96,1.03,overcast clouds
159,Chumikan,RU,54.7183,135.315,10.53,91,93,6.29,overcast clouds
160,Paita,PE,-5.0892,-81.1144,75.76,78,76,16.31,broken clouds
161,Araguacu,BR,-12.9306,-49.8264,83.17,72,97,2.13,overcast clouds
162,Korla,CN,41.7597,86.1469,28.18,54,9,3.06,clear sky
163,Bo Rai,TH,12.5728,102.5371,71.83,91,93,6.15,overcast clouds
164,Chambersburg,US,39.9376,-77.6611,59.61,48,83,4.0,broken clouds
165,Koutiala,ML,12.3917,-5.4642,83.26,18,20,8.93,few clouds
166,Bullhead City,US,35.1478,-114.5683,71.02,15,1,28.77,clear sky
167,Hearst,CA,49.6835,-83.6665,12.97,92,100,8.66,light snow
168,Byron Bay,AU,-28.65,153.6167,77.05,86,99,14.14,overcast clouds
169,Chokurdakh,RU,70.6333,147.9167,-30.68,100,27,4.59,scattered clouds
170,Kasempa,ZM,-13.4584,25.8338,63.48,87,98,4.12,overcast clouds
171,Lakes Entrance,AU,-37.8811,147.981,57.58,90,100,13.27,light rain
172,Viedma,AR,-40.8135,-62.9967,76.35,29,0,12.37,clear sky
173,Kahului,US,20.8947,-156.47,85.26,69,40,18.41,scattered clouds
174,El Sauzal,MX,31.9,-116.6833,71.42,59,0,12.44,clear sky
175,Micco,US,27.8806,-80.5003,75.25,68,59,3.0,broken clouds
176,Saposoa,PE,-6.934,-76.7716,86.61,52,75,4.0,moderate rain
177,Miles City,US,46.4083,-105.8406,53.51,53,1,8.05,clear sky
178,Richards Bay,ZA,-28.783,32.0377,66.22,72,100,6.71,overcast clouds
179,San Javier,ES,37.8063,-0.8374,54.99,54,0,4.0,clear sky
180,Pangnirtung,CA,66.1451,-65.7125,21.43,90,100,4.94,light snow
181,Iqaluit,CA,63.7506,-68.5145,23.29,71,93,12.33,overcast clouds
182,Tongren,CN,27.7172,109.1853,50.65,84,0,2.44,clear sky
183,Teahupoo,PF,-17.8333,-149.2667,78.76,76,34,16.53,scattered clouds
184,Ishinomaki,JP,38.4167,141.3,41.0,81,59,15.12,broken clouds
185,Acarau,BR,-2.8856,-40.12,81.77,73,91,16.8,overcast clouds
186,Ushtobe,KZ,45.2514,77.9838,46.13,89,100,19.17,overcast clouds
187,Mehamn,NO,71.0357,27.8492,23.18,62,0,12.66,clear sky
188,Atambua,ID,-9.1061,124.8925,75.16,86,68,0.4,broken clouds
189,Naryan-Mar,RU,67.6713,53.087,3.43,91,29,5.66,scattered clouds
190,Atar,MR,20.5169,-13.0499,84.11,24,98,7.05,overcast clouds
191,Uppsala,SE,60.0,17.75,28.56,85,0,3.44,clear sky
192,Vikulovo,RU,56.8167,70.6107,-2.79,98,14,6.51,few clouds
193,Kathu,TH,7.9178,98.3332,76.82,79,99,3.89,overcast clouds
194,Auki,SB,-8.7676,160.7034,80.17,81,96,2.44,overcast clouds
195,Coromandel,BR,-18.4733,-47.2003,76.17,59,56,5.26,broken clouds
196,Barinas,VE,8.6226,-70.2075,80.38,74,62,2.08,broken clouds
197,Kibala,TD,9.1104,18.3463,78.44,22,21,4.43,few clouds
198,Longyearbyen,SJ,78.2186,15.6401,12.04,52,20,19.57,few clouds
199,Whitecourt,CA,54.1502,-115.6855,37.96,91,100,2.62,overcast clouds
200,Mataura,NZ,-46.1927,168.8643,56.39,76,100,4.29,light rain
201,Torfyanoy,RU,58.4916,49.1979,12.31,97,76,5.61,broken clouds
202,Lima,PE,-12.0432,-77.0282,72.9,72,75,13.8,light rain
203,Batagay-Alyta,RU,67.8006,130.4114,-22.9,80,98,2.51,overcast clouds
204,Gat,IL,31.61,34.7642,63.39,81,21,2.77,few clouds
205,Ust-Ilimsk,RU,58.0006,102.6619,16.16,95,100,3.15,overcast clouds
206,Airai,TL,-8.9266,125.4092,61.52,92,79,1.39,broken clouds
207,Tateyama,JP,34.9833,139.8667,52.11,62,0,7.4,clear sky
208,Castro,BR,-24.7911,-50.0119,75.31,57,84,4.94,broken clouds
209,San Cristobal,VE,7.7669,-72.225,77.18,76,100,3.83,overcast clouds
210,Lensk,RU,60.7253,114.9278,2.28,97,98,3.51,overcast clouds
211,Pangai,TO,-19.8,-174.35,84.31,65,75,5.75,broken clouds
212,Rockport,US,28.0206,-97.0544,60.82,94,90,13.8,moderate rain
213,Buala,SB,-8.145,159.5921,82.26,77,68,3.6,light rain
214,Tuatapere,NZ,-46.1333,167.6833,56.14,84,100,3.98,light rain
215,Nuevitas,CU,21.5453,-77.2644,74.64,64,93,9.91,overcast clouds
216,Laguna,US,38.421,-121.4238,69.01,59,1,1.01,haze
217,Victoria,HK,22.2855,114.1577,68.32,75,12,8.5,few clouds
218,Valpoi,IN,15.5305,74.1356,72.82,78,38,4.34,scattered clouds
219,Honningsvag,NO,70.9821,25.9704,22.75,80,40,5.75,scattered clouds
220,Beringovskiy,RU,63.05,179.3167,-4.72,91,100,10.49,overcast clouds
221,Esperance,AU,-33.8667,121.9,57.52,84,99,8.95,overcast clouds
222,Asau,RO,46.4333,26.4,31.28,78,1,6.26,clear sky
223,Vao,NC,-22.6667,167.4833,75.04,84,37,17.07,scattered clouds
224,Lalibela,ET,12.0333,39.0333,57.6,62,54,7.07,broken clouds
225,Maningrida,AU,-12.0667,134.2667,81.0,72,93,1.01,overcast clouds
226,Chapais,CA,49.7834,-74.8492,31.23,100,100,0.47,snow
227,Biak,ID,-0.9131,122.8766,76.6,83,99,2.46,overcast clouds
228,Kamenka,RU,51.3223,42.7678,27.48,91,50,8.37,scattered clouds
229,Ibra,OM,22.6906,58.5334,69.26,59,1,1.72,clear sky
230,Brest,BY,52.1,23.7,36.48,81,61,10.83,broken clouds
231,Barcelos,PT,41.5388,-8.6151,51.94,83,14,7.52,few clouds
232,Bayshore Gardens,US,27.4253,-82.5904,79.05,53,40,5.75,scattered clouds
233,Kampene,CD,-3.6,26.6667,68.23,100,100,1.61,moderate rain
234,Aklavik,CA,68.2191,-135.0107,-7.6,77,75,8.05,broken clouds
235,Pacific Grove,US,36.6177,-121.9166,74.3,30,1,4.0,clear sky
236,Saint Anthony,US,45.0205,-93.218,24.89,41,1,3.0,clear sky
237,San Vicente,AR,-26.6167,-54.1333,77.54,67,100,3.4,moderate rain
238,Klaksvik,FO,62.2266,-6.589,40.12,66,88,34.02,overcast clouds
239,Pathein,MM,16.7833,94.7333,73.17,93,99,2.98,overcast clouds
240,Ketchikan,US,55.3422,-131.6461,48.67,87,90,12.66,moderate rain
241,Saskylakh,RU,71.9167,114.0833,-6.95,95,76,8.61,broken clouds
242,Eureka,US,40.8021,-124.1637,62.13,68,100,2.64,overcast clouds
243,Cabo San Lucas,MX,22.8909,-109.9124,81.7,66,75,1.01,broken clouds
244,La Ronge,CA,55.1001,-105.2842,21.99,79,100,12.26,overcast clouds
245,Krasnoturansk,RU,54.3186,91.5639,20.19,92,100,7.61,overcast clouds
246,Lagoa,PT,39.05,-27.9833,61.93,68,77,32.17,broken clouds
247,Sibolga,ID,1.7427,98.7792,75.96,91,100,2.75,overcast clouds
248,Poum,NC,-20.2333,164.0167,77.07,74,2,5.91,clear sky
249,Gardiner,US,44.2301,-69.7753,49.24,57,1,0.0,clear sky
250,Bambanglipuro,ID,-7.95,110.2833,77.77,84,99,3.78,overcast clouds
251,Mbini,GQ,1.574,9.6134,79.0,84,99,2.39,overcast clouds
252,Marawi,PH,7.9986,124.2928,65.64,94,100,1.9,overcast clouds
253,Camapua,BR,-19.5314,-54.0439,82.47,61,95,4.7,overcast clouds
254,Torbay,CA,47.6666,-52.7314,51.28,99,90,17.27,fog
255,Staryy Nadym,RU,65.6118,72.6842,-1.89,91,96,11.05,overcast clouds
256,Jacksonville Beach,US,30.2947,-81.3931,73.15,67,90,1.01,overcast clouds
257,Tecoanapa,MX,16.5167,-98.75,83.97,65,1,9.04,clear sky
258,Wagar,SD,16.1525,36.2032,76.98,65,0,15.35,clear sky
259,Gouyave,GD,12.1646,-61.7296,84.97,74,20,9.22,few clouds
260,Diego De Almagro,CL,-26.3667,-70.05,77.81,24,7,11.83,clear sky
261,Ilanskiy,RU,56.2358,96.065,31.66,96,100,8.3,light snow
262,Evensk,RU,61.95,159.2333,-9.89,81,1,13.56,clear sky
263,Kavaratti,IN,10.5669,72.642,81.48,77,100,5.41,overcast clouds
264,Finschhafen,PG,-6.6024,147.8681,80.83,77,100,4.59,light rain
265,Lasalgaon,IN,20.15,74.2333,70.92,49,40,4.05,scattered clouds
266,Balud,PH,10.1476,123.6953,79.36,87,92,4.18,overcast clouds
267,Sao Jose Da Coroa Grande,BR,-8.8978,-35.1478,79.79,77,11,12.08,few clouds
268,Sistranda,NO,63.7256,8.834,31.96,59,100,13.51,light snow
269,Tabou,CI,4.423,-7.3528,80.65,82,31,8.79,scattered clouds
270,San Jose,US,37.3394,-121.895,73.09,36,75,4.61,broken clouds
271,Santa Vitoria,BR,-18.8386,-50.1214,85.33,51,85,4.5,overcast clouds
272,Oum Hadjer,TD,13.2954,19.6966,78.98,14,1,9.08,clear sky
273,Kalat,PK,29.0225,66.5916,40.82,36,0,2.39,clear sky
274,Guerrero Negro,MX,27.9769,-114.0611,75.47,37,0,6.51,clear sky
275,Naze,JP,28.3667,129.4833,59.95,65,100,7.18,overcast clouds
276,Ponta Do Sol,PT,32.6667,-17.1,64.71,67,100,7.14,overcast clouds
277,Iquique,CL,-20.2208,-70.1431,66.24,69,74,6.15,broken clouds
278,Belaya Gora,RU,68.5333,146.4167,-35.93,100,48,1.97,scattered clouds
279,Gladstone,AU,-23.85,151.25,73.33,94,75,6.91,light rain
280,Dunedin,NZ,-45.8742,170.5036,58.51,61,100,4.36,light rain
281,Kargil,IN,34.5667,76.1,14.5,80,28,2.3,scattered clouds
282,Port Keats,AU,-14.25,129.55,80.15,81,93,0.27,overcast clouds
283,Margate,GB,51.3813,1.3862,40.69,74,99,5.01,overcast clouds
284,Saravan,AM,39.7196,45.6483,32.65,85,100,3.33,overcast clouds
285,Ambon,ID,-3.6954,128.1814,77.14,94,20,3.44,few clouds
286,Jumla,NP,29.2747,82.1838,37.27,55,0,4.05,clear sky
287,Augusto Correa,BR,-1.0217,-46.635,79.61,81,100,4.74,overcast clouds
288,Avera,US,33.194,-82.5271,67.51,49,81,9.24,broken clouds
289,Coihaique,CL,-45.5752,-72.0662,57.81,50,75,9.22,broken clouds
290,Mayo,US,38.8876,-76.5119,59.23,61,1,3.0,clear sky
291,Udachnyy,RU,66.4167,112.4,-8.95,99,99,5.99,overcast clouds
292,Seydi,TM,39.4816,62.9137,38.97,57,100,11.81,overcast clouds
293,Amio,PH,9.3571,122.9413,76.1,90,97,3.56,overcast clouds
294,Aksu,CN,41.1231,80.2644,30.09,49,70,0.45,broken clouds
295,Muhos,FI,64.808,25.9931,10.18,98,100,2.59,overcast clouds
296,Talnakh,RU,69.4865,88.3972,2.46,95,100,6.29,overcast clouds
297,High Prairie,CA,55.4334,-116.4858,38.35,83,100,9.37,overcast clouds
298,Bintulu,MY,3.1667,113.0333,77.25,89,100,3.09,moderate rain
299,Loa Janan,ID,-0.583,117.095,73.54,98,100,1.9,overcast clouds
300,Altagracia De Orituco,VE,9.8601,-66.3814,80.47,72,65,6.13,broken clouds
301,Hambantota,LK,6.1241,81.1185,77.27,88,98,8.79,overcast clouds
302,Casas Grandes,MX,30.3667,-107.95,49.84,50,100,7.78,overcast clouds
303,Boyolangu,ID,-8.1181,111.8935,76.41,90,98,3.33,moderate rain
304,Siderno,IT,38.2779,16.302,63.28,90,100,5.26,overcast clouds
305,Flinders,AU,-34.5833,150.8552,63.18,91,100,1.01,light rain
306,Trinidad,BO,-14.8333,-64.9,78.73,92,100,4.88,overcast clouds
307,Padang,ID,-0.9492,100.3543,77.05,82,74,4.65,broken clouds
308,Florence,IT,43.7667,11.25,53.29,95,75,3.44,light intensity drizzle
309,Garowe,SO,8.4054,48.4845,74.71,76,9,14.67,clear sky
310,Kodinsk,RU,58.6881,99.1844,15.15,96,100,3.62,light snow
311,Kanniyakumari,IN,8.0833,77.5667,77.16,87,100,11.52,light rain
312,Samarai,PG,-10.6167,150.6667,83.5,75,93,11.14,overcast clouds
313,Bat Khela,PK,34.6167,71.9714,55.53,33,0,7.2,clear sky
314,Mareeba,AU,-17.0,145.4333,74.44,96,100,1.16,overcast clouds
315,Lorengau,PG,-2.0226,147.2712,81.63,74,87,3.33,overcast clouds
316,Yulara,AU,-25.2406,130.9889,59.86,70,0,16.4,clear sky
317,Vila Franca Do Campo,PT,37.7167,-25.4333,60.19,72,77,18.21,broken clouds
318,Hildesheim,DE,52.1508,9.9511,41.02,88,28,8.23,scattered clouds
319,Paraiso,CR,9.8383,-83.8656,71.96,92,93,3.6,overcast clouds
320,Yaan,NG,7.3833,8.5667,82.83,41,66,1.92,broken clouds
321,Berovo,MK,41.7031,22.8578,37.08,96,76,5.1,broken clouds
322,Mattawa,US,46.7379,-119.9028,47.01,77,100,5.01,overcast clouds
323,Verkhoyansk,RU,67.5447,133.385,-38.02,100,96,1.61,overcast clouds
324,Areosa,PT,41.7178,-8.8571,52.36,72,44,16.62,scattered clouds
325,Keflavik,IS,64.0049,-22.5624,34.23,86,75,14.97,broken clouds
326,Tura,IN,25.5198,90.2201,57.49,68,0,3.36,clear sky
327,Westport,US,41.1415,-73.3579,56.32,44,1,1.99,clear sky
328,Teknaf,BD,20.8624,92.3058,69.98,70,3,6.33,clear sky
329,Honiara,SB,-9.4333,159.95,80.6,79,98,2.82,overcast clouds
330,Port-Gentil,GA,-0.7193,8.7815,80.26,81,92,4.61,overcast clouds
331,Benalla,AU,-36.55,145.9833,60.98,82,100,8.01,overcast clouds
332,Clyde River,CA,70.4692,-68.5914,0.12,99,100,2.75,overcast clouds
333,Ca Mau,VN,9.1769,105.15,73.45,94,100,4.76,overcast clouds
334,Leh,IN,34.1667,77.5833,16.29,73,31,3.85,scattered clouds
335,Salamiyah,SY,35.0113,37.0532,57.04,75,46,4.38,scattered clouds
336,Vardo,NO,70.3705,31.1107,17.58,93,75,11.5,broken clouds
337,Cayenne,GF,4.9333,-52.3333,82.44,83,0,1.01,clear sky
338,Berdigestyakh,RU,62.0989,126.6992,-20.22,100,40,2.89,scattered clouds
339,Hasaki,JP,35.7333,140.8333,39.6,56,0,6.11,clear sky
340,Gemena,CD,3.25,19.7667,73.42,55,10,0.47,clear sky
341,Novosheshminsk,RU,55.0651,51.2338,14.68,97,56,6.8,broken clouds
342,Paamiut,GL,61.994,-49.6678,31.53,99,100,3.58,snow
343,Katsuura,JP,35.1333,140.3,52.2,61,0,7.65,clear sky
344,Rundu,NA,-17.9333,19.7667,74.26,45,29,6.33,scattered clouds
345,Akyab,MM,20.15,92.9,73.36,77,0,5.39,clear sky
346,Vila Do Maio,CV,15.1333,-23.2167,77.79,78,96,14.99,overcast clouds
347,Nanpiao,CN,41.0982,120.7479,29.41,67,0,3.15,clear sky
348,Mount Gambier,AU,-37.8333,140.7667,51.71,62,90,21.85,overcast clouds
349,Moron,AR,-34.6534,-58.6198,72.0,79,97,5.99,overcast clouds
350,Half Moon Bay,US,37.4636,-122.4286,71.49,46,1,0.0,clear sky
351,Muromtsevo,RU,56.3724,75.2418,-0.72,99,93,6.87,overcast clouds
352,Coquimbo,CL,-29.9533,-71.3436,62.33,77,75,12.66,broken clouds
353,Qasigiannguit,GL,68.8193,-51.1922,25.05,78,93,7.65,overcast clouds
354,Ternate,ID,0.8,127.4,79.47,84,100,5.93,overcast clouds
355,Estelle,US,29.8458,-90.1067,77.0,63,90,6.91,overcast clouds
356,Imbituba,BR,-28.24,-48.6703,75.09,88,100,15.59,overcast clouds
357,Olovyannaya,RU,50.95,115.5667,-0.33,99,66,3.91,broken clouds
358,Nome,US,64.5011,-165.4064,-7.53,65,1,5.75,clear sky
359,Port Lincoln,AU,-34.7333,135.8667,57.13,66,100,20.6,overcast clouds
360,Hithadhoo,MV,-0.6,73.0833,81.32,71,98,16.26,overcast clouds
361,Calafell,ES,41.2,1.5683,51.91,87,38,10.0,scattered clouds
362,Nanortalik,GL,60.1432,-45.2371,38.48,96,100,6.91,light rain
363,Otradnoye,RU,59.7775,30.8181,42.19,89,100,14.2,overcast clouds
364,Los Algarrobos,PA,8.5,-82.4333,83.46,94,75,10.36,broken clouds
365,Barahona,DO,18.2085,-71.1008,85.82,66,75,13.8,broken clouds
366,Gurupa,BR,-1.405,-51.64,82.65,70,97,3.22,moderate rain
367,Cockburn Town,TC,21.4612,-71.1419,78.76,57,40,13.8,scattered clouds
368,Taltal,CL,-25.4,-70.4833,65.57,67,35,7.02,scattered clouds
369,Muisne,EC,0.6,-80.0333,74.5,79,100,9.78,overcast clouds
370,Mindif,CM,10.3976,14.4363,79.25,15,52,7.56,broken clouds
371,Cortez,US,37.3489,-108.5859,48.67,33,1,8.05,clear sky
372,Haripur,PK,34.0,72.9341,51.75,39,0,6.4,clear sky
373,Acari,PE,-15.4311,-74.6158,75.36,60,92,8.43,overcast clouds
374,Kargasok,RU,59.0556,80.8572,-0.04,98,66,7.02,broken clouds
375,Magadan,RU,59.5667,150.8,-1.05,77,16,14.16,few clouds
376,Zeya,RU,53.75,127.2667,17.01,69,100,2.48,overcast clouds
377,Royan,FR,45.6285,-1.0281,42.84,76,99,16.22,overcast clouds
378,Solnechnyy,RU,50.7214,136.6319,25.11,94,100,9.06,snow
379,Faanui,PF,-16.4833,-151.75,82.35,72,7,18.77,clear sky
380,Yar-Sale,RU,66.8333,70.8333,5.81,90,97,7.54,overcast clouds
381,Bilma,NE,18.6853,12.9164,77.83,17,0,7.29,clear sky
382,Bonavista,CA,48.6499,-53.1147,48.11,98,100,24.0,light rain
383,Araouane,ML,18.9048,-3.5265,80.02,27,10,7.78,clear sky
384,Caravelas,BR,-17.7125,-39.2481,73.98,73,0,6.87,clear sky
385,Puerto Narino,CO,-3.7703,-70.3831,87.75,90,99,1.66,overcast clouds
386,Faya,SA,18.3851,42.4509,54.12,78,32,2.17,scattered clouds
387,Barstow,US,34.8986,-117.0228,62.28,10,0,11.07,clear sky
388,Kaputa,ZM,-8.4689,29.6619,68.74,87,99,5.57,light rain
389,El Arenal,MX,20.7833,-103.7,79.93,14,45,3.33,scattered clouds
390,Moranbah,AU,-22.0016,148.0466,74.97,80,100,10.87,light rain
391,Lavrentiya,RU,65.5833,-171.0,-6.9,88,6,8.9,clear sky
392,Nikolayevka,RU,53.1257,47.2041,30.92,93,100,8.23,overcast clouds
393,Sao Filipe,CV,14.8961,-24.4956,78.33,74,68,7.29,broken clouds
394,Mlonggo,ID,-6.5333,110.7,73.53,85,100,3.0,overcast clouds
395,Sao Gabriel Da Cachoeira,BR,-0.1303,-67.0892,81.84,74,87,3.02,overcast clouds
396,Revelstoke,CA,50.9832,-118.2023,35.62,93,90,24.16,light rain
397,Avrig,RO,45.7167,24.3833,41.22,81,5,2.55,clear sky
398,Abu Dhabi,AE,24.4667,54.3667,77.97,67,0,3.44,clear sky
399,Zhanaozen,KZ,43.3,52.8,28.2,32,0,7.0,clear sky
400,Miracema Do Tocantins,BR,-9.5618,-48.3967,76.17,92,100,2.57,overcast clouds
401,Moerai,PF,-22.4333,-151.3333,76.48,86,22,8.59,light rain
402,Irbeyskoye,RU,55.6428,95.4522,35.4,90,100,8.7,overcast clouds
403,Eidfjord,NO,60.4675,7.0719,28.51,95,100,2.15,overcast clouds
404,Sungairaya,ID,0.7,108.9,78.66,85,100,1.61,overcast clouds
405,Sarti,GR,40.1,23.9833,50.86,66,82,3.4,broken clouds
406,Baldone,LV,56.7428,24.3944,38.95,76,100,12.3,overcast clouds
407,Bathsheba,BB,13.2167,-59.5167,81.37,76,55,4.79,broken clouds
408,Nalut,LY,30.3333,10.85,59.88,53,1,9.89,clear sky
409,Omboue,GA,-1.5746,9.2618,77.97,90,92,4.72,overcast clouds
410,Farah,AF,32.5,62.5,50.41,38,15,2.24,few clouds
411,Bambous Virieux,MU,-20.3428,57.7575,72.21,72,0,2.26,clear sky
412,Denpasar,ID,-8.65,115.2167,76.71,94,40,2.3,scattered clouds
413,Yumen,CN,40.2833,97.2,27.64,33,0,4.07,clear sky
414,Broome,US,42.2506,-75.833,46.02,69,90,1.99,overcast clouds
415,Sitka,US,57.0531,-135.33,39.09,87,90,8.61,light rain
416,Muroto,JP,33.2833,134.15,57.65,65,0,9.78,clear sky
417,Alice Springs,AU,-23.7,133.8833,63.95,77,75,12.66,broken clouds
418,Anadyr,RU,64.75,177.4833,-14.3,76,40,8.95,fog
419,Saint-Joseph,RE,-21.3667,55.6167,77.38,83,28,1.83,scattered clouds
420,Ixtapa,MX,20.7,-105.2,83.43,58,75,10.36,broken clouds
421,Port Blair,IN,11.6667,92.75,78.13,85,100,2.1,overcast clouds
422,Gweta,BW,-20.1833,25.2333,77.25,52,23,22.91,few clouds
423,Muzhi,RU,65.3667,64.6667,5.09,88,97,6.4,overcast clouds
424,Hyderabad,IN,17.3753,78.4744,69.31,88,40,4.61,mist
425,Nampula,MZ,-15.1165,39.2666,71.96,90,100,4.7,overcast clouds
426,Sfantu Gheorghe,RO,45.8667,25.7833,28.92,90,4,3.22,clear sky
427,Kostomuksha,RU,64.571,30.5767,18.72,96,100,5.48,overcast clouds
428,Betioky,MG,-23.7167,44.3833,66.09,66,7,12.64,clear sky
429,Adrar,MR,20.5022,-10.0711,78.8,28,91,5.14,overcast clouds
430,Fontem,CM,5.4685,9.8818,67.68,85,6,2.39,clear sky
431,Limoges,FR,45.75,1.3333,37.67,87,90,14.97,overcast clouds
432,Namibe,AO,-15.1961,12.1522,67.82,73,7,6.26,clear sky
433,Warrington,GB,53.3925,-2.5802,42.91,85,40,5.01,scattered clouds
434,Rosarito,MX,32.3333,-117.0333,79.39,21,0,16.58,clear sky
435,Bandarbeyla,SO,9.4942,50.8122,78.94,80,46,14.88,light rain
436,Lengshuitan,CN,26.4111,111.5956,50.72,70,0,1.92,clear sky
437,Khasan,RU,42.4308,130.6434,26.29,54,96,18.48,overcast clouds
438,Colombo,LK,6.9319,79.8478,77.83,87,99,2.55,overcast clouds
439,Zabid,YE,14.1951,43.3152,80.38,65,3,7.47,clear sky
440,Nuuk,GL,64.1835,-51.7216,29.01,100,75,3.44,light snow
441,Rockland,US,41.1668,-74.0496,56.28,43,75,4.14,broken clouds
442,Havoysund,NO,70.9963,24.6622,23.88,69,100,11.52,overcast clouds
443,Verkhnyaya Balkariya,RU,43.1279,43.4573,23.92,72,100,6.15,overcast clouds
444,Kieta,PG,-6.2167,155.6333,82.15,71,46,0.96,scattered clouds
445,Isangel,VU,-19.55,169.2667,82.51,78,40,4.61,scattered clouds
446,Lasa,IT,46.6166,10.7002,39.94,95,100,1.86,overcast clouds
447,Beisfjord,NO,68.3751,17.5988,21.25,87,100,6.8,overcast clouds
448,Dubti,ET,11.7361,41.0853,81.72,36,0,12.82,clear sky
449,Elko,US,41.0002,-115.5012,44.74,40,33,1.99,scattered clouds
450,Gimbi,ET,9.1667,35.8333,58.68,55,55,0.92,broken clouds
451,Quang Ngai,VN,15.1167,108.8,71.37,88,98,8.08,moderate rain
452,Prokuplje,RS,43.2342,21.5881,43.88,88,97,3.56,overcast clouds
453,Vaitape,PF,-16.5167,-151.75,82.35,72,7,18.77,clear sky
454,Rocha,UY,-34.4833,-54.3333,69.58,54,100,3.22,overcast clouds
455,Coffs Harbour,AU,-30.3,153.1333,73.36,92,90,14.97,light intensity shower rain
456,Wewak,PG,-3.5534,143.6268,77.58,89,100,3.76,overcast clouds
457,Sao Jose De Ribamar,BR,-2.5619,-44.0542,84.58,78,92,13.18,overcast clouds
458,Senneterre,CA,48.3835,-77.2328,32.22,99,100,4.05,snow
459,Vega De Alatorre,MX,20.0333,-96.6333,77.79,73,12,4.5,few clouds
460,Oranjemund,NA,-28.55,16.4333,63.28,85,91,9.28,overcast clouds
461,Olkhovka,RU,53.2115,60.6069,15.57,88,81,13.04,broken clouds
462,Kalmunai,LK,7.4167,81.8167,77.4,88,100,5.57,overcast clouds
463,Formosa,AR,-26.1775,-58.1781,80.58,78,75,9.22,broken clouds
464,Los Llanos De Aridane,ES,28.6585,-17.9182,64.15,95,75,9.22,broken clouds
465,Tabuk,PH,17.4189,121.4443,71.44,96,100,2.55,overcast clouds
466,Bambari,CF,5.768,20.6757,76.51,40,14,1.52,few clouds
467,Sabirabad,AZ,40.0095,48.4752,45.72,70,100,7.02,overcast clouds
468,Inirida,CO,3.8653,-67.9239,80.06,92,94,1.86,overcast clouds
469,Beyneu,KZ,45.3167,55.2,26.8,37,0,7.23,clear sky
470,Naujoji Akmene,LT,56.3167,22.9,38.01,81,100,14.27,overcast clouds
471,High Level,CA,58.5169,-117.136,19.51,93,90,3.44,light snow
472,Inhambane,MZ,-23.865,35.3833,70.52,74,4,9.69,clear sky
473,Kinsale,IE,51.7075,-8.5306,42.17,87,40,10.36,scattered clouds
474,Batagay,RU,67.6333,134.6333,-36.42,98,77,2.46,broken clouds
475,Thinadhoo,MV,0.5333,72.9333,81.07,71,55,17.4,broken clouds
476,Lieksa,FI,63.3167,30.0167,18.72,91,91,7.16,overcast clouds
477,Karwar,IN,14.8,74.1333,77.11,78,99,5.79,light rain
478,Jiguani,CU,20.3667,-76.4272,78.58,74,95,9.19,overcast clouds
479,Natal,BR,-5.795,-35.2094,83.05,74,40,10.36,scattered clouds
480,Elat,IL,29.5581,34.9482,64.24,68,53,5.75,haze
481,Kokoda,PG,-8.8785,147.7407,76.12,93,100,0.63,overcast clouds
482,Aracati,BR,-4.5617,-37.7697,81.3,70,13,12.64,few clouds
483,Biskamzha,RU,53.4497,89.5272,34.36,98,100,10.2,moderate rain
484,Valparaiso,CL,-33.0393,-71.6273,80.83,55,0,11.5,clear sky
485,Luxor,EG,25.6989,32.6421,69.85,34,3,4.88,clear sky
486,Chipinge,ZW,-20.1883,32.6236,60.76,90,96,8.41,overcast clouds
487,Bubaque,GW,11.2833,-15.8333,83.46,72,98,14.14,overcast clouds
488,Ostrovnoy,RU,68.0531,39.5131,20.39,65,100,3.89,overcast clouds
489,Hoquiam,US,46.9809,-123.8893,52.02,89,90,26.46,moderate rain
490,Vila Velha,BR,-20.3297,-40.2925,76.95,79,75,1.99,broken clouds
491,Jiaojiang,CN,28.6803,121.4428,45.0,70,0,4.03,clear sky
492,Haines Junction,CA,60.7522,-137.5108,3.15,72,100,4.61,light snow
493,Toumodi,CI,6.5613,-5.0158,79.99,68,44,5.23,scattered clouds
494,Port Augusta,AU,-32.5,137.7667,59.14,70,0,21.7,clear sky
495,Grand Gaube,MU,-20.0064,57.6608,72.37,79,0,4.0,clear sky
496,Baiyin,CN,36.5583,104.2081,32.72,33,36,0.63,scattered clouds
497,Marbella,ES,36.5154,-4.8858,53.26,81,70,3.24,broken clouds
498,Bangangte,CM,5.1409,10.5198,62.47,91,13,3.98,few clouds
499,Meulaboh,ID,4.1363,96.1285,77.05,87,100,4.25,overcast clouds
500,Puerto Baquerizo Moreno,EC,-0.9,-89.6,74.39,73,75,14.97,broken clouds
501,Matara,LK,5.9485,80.5353,75.06,93,99,6.98,overcast clouds
502,Cidreira,BR,-30.1811,-50.2056,70.29,94,100,5.12,heavy intensity rain
503,Jalu,LY,29.0331,21.5482,71.06,27,2,12.62,clear sky
504,Nordborg,DK,55.0573,9.7408,42.66,70,19,9.22,few clouds
505,Nzerekore,GN,7.7562,-8.8179,73.98,46,7,2.37,clear sky
506,Omsukchan,RU,62.5333,155.8,-29.52,99,24,4.59,few clouds
507,Trincomalee,LK,8.5711,81.2335,80.37,82,100,2.51,overcast clouds
508,Leningradskiy,RU,69.3833,178.4167,-22.52,97,100,5.1,overcast clouds
509,Murdochville,CA,48.9583,-65.5006,29.28,98,100,2.98,overcast clouds
510,Hamilton,US,39.1834,-84.5333,48.97,96,90,3.0,mist
511,Harper,LR,4.375,-7.7169,80.33,83,56,9.46,broken clouds
512,Forbach,FR,49.1833,6.9,38.86,89,75,2.3,broken clouds
513,Mankachar,IN,25.5333,89.8667,62.13,63,0,3.85,clear sky
514,Ampanihy,MG,-24.7,44.75,65.59,64,26,11.43,scattered clouds
515,Sidney,AU,-33.8679,151.2073,62.8,95,90,3.0,light rain
516,Tolmin,SI,46.183,13.7332,51.06,90,100,8.99,overcast clouds
517,Porto Novo,BJ,6.4965,2.6036,84.02,81,13,7.14,few clouds
518,Jaumave,MX,23.4167,-99.3833,74.48,55,24,5.79,few clouds
519,Neiafu,TO,-18.65,-173.9833,84.88,70,75,4.61,light rain
520,Haapsalu,EE,58.9431,23.5414,39.02,94,100,7.65,light rain
521,Kemijarvi,FI,66.7131,27.4306,19.58,95,100,6.67,overcast clouds
522,Pedra,BR,-8.4969,-36.9408,84.34,44,32,10.13,scattered clouds
523,Singarayakonda,IN,15.25,80.0333,78.06,83,100,8.28,overcast clouds
524,Codajas,BR,-3.8367,-62.0569,86.13,62,98,0.63,overcast clouds
525,Yucaipa,US,34.0336,-117.0431,70.27,10,0,1.01,clear sky
526,Tezu,IN,27.9167,96.1667,59.76,58,8,4.07,clear sky
527,Canico,PT,32.6333,-16.85,64.71,82,75,10.36,broken clouds
528,Balabac,PH,7.9868,117.0645,79.81,80,100,0.54,overcast clouds
529,Anloga,GH,5.7947,0.8973,82.8,81,28,13.0,scattered clouds
530,Qui Nhon,VN,13.7667,109.2333,73.49,86,100,15.61,overcast clouds
531,Zunyi,CN,27.6867,106.9072,46.2,78,15,3.27,few clouds
532,Pedra Branca,BR,-5.4542,-39.7172,87.21,31,51,4.0,broken clouds
533,La Oroya,PE,-11.5189,-75.8994,52.7,65,95,10.65,overcast clouds
534,Ghanzi,BW,-21.5667,21.7833,81.19,16,2,9.62,clear sky
535,Zaraza,VE,9.3503,-65.3245,84.11,62,94,8.66,overcast clouds
536,Narsaq,GL,60.9167,-46.05,34.02,99,100,7.16,overcast clouds
537,Alofi,NU,-19.0595,-169.9187,82.29,83,75,5.75,light rain
538,Piacabucu,BR,-10.4056,-36.4344,80.1,78,42,10.36,scattered clouds
539,Santa Maria La Alta,MX,18.6,-97.6667,72.14,27,0,9.48,clear sky
540,Temyasovo,RU,52.9933,58.1014,17.96,93,87,14.16,overcast clouds
541,Elbistan,TR,38.2059,37.1983,46.18,85,100,0.78,overcast clouds
542,Egvekinot,RU,66.3167,-179.1667,-17.7,88,83,10.8,broken clouds
543,Chifeng,CN,42.2683,118.9636,25.09,62,0,5.55,clear sky
544,Donskoye,RU,45.4552,41.9741,32.13,83,3,8.99,clear sky
545,Talara,PE,-4.5772,-81.2719,75.96,64,0,11.5,clear sky
546,Morbegno,IT,46.1383,9.57,47.25,99,100,0.74,overcast clouds
547,Kiama,AU,-34.6833,150.8667,61.57,96,100,5.01,moderate rain
548,George Town,MY,5.4112,100.3354,78.73,92,40,0.0,scattered clouds
549,Saint-Augustin,CA,51.226,-58.6502,44.6,98,100,17.34,overcast clouds
550,Arak,IR,34.0917,49.6892,43.7,60,89,1.72,overcast clouds
551,Hermiston,US,45.8404,-119.2895,56.41,60,1,3.44,clear sky
552,Mairana,BO,-18.1167,-63.9333,70.36,69,75,6.33,broken clouds
553,Cap Malheureux,MU,-19.9842,57.6142,73.47,79,0,4.23,clear sky
554,Qandala,SO,11.472,49.8728,78.76,85,33,5.82,light rain
555,Netivot,IL,31.4222,34.5886,62.62,78,31,2.91,scattered clouds
556,Puri,IN,19.8,85.85,72.12,75,14,5.19,few clouds
557,Ritchie,ZA,-29.038,24.6028,61.81,56,100,13.24,overcast clouds
558,Dolzhanskaya,RU,46.6311,37.8039,34.92,60,0,12.19,clear sky
559,Coahuayana,MX,18.7333,-103.6833,92.68,50,6,6.35,clear sky
560,Canutama,BR,-6.5339,-64.3831,89.02,58,100,2.73,moderate rain
561,Santa Cruz,BO,-17.8,-63.1667,86.05,62,40,14.97,scattered clouds
562,Waris Aliganj,IN,25.0167,85.6333,61.21,45,0,3.89,clear sky
563,Svencionys,LT,55.15,26.1667,32.49,84,44,11.43,scattered clouds
564,Umm Kaddadah,SD,13.6017,26.6876,69.13,15,0,11.63,clear sky
565,Sisimiut,GL,66.9395,-53.6735,22.98,73,100,14.36,overcast clouds
566,Caucaia,BR,-3.7361,-38.6531,85.06,74,0,9.22,clear sky
567,Jonkoping,SE,57.7814,14.1562,38.39,100,75,5.75,drizzle
568,Nouadhibou,MR,20.931,-17.0347,76.98,65,18,10.36,few clouds
569,Mandello Del Lario,IT,45.9192,9.3193,45.97,96,100,1.99,overcast clouds
570,Burnie,AU,-41.0667,145.9167,54.91,76,100,11.99,overcast clouds
571,Whitefish,US,48.4111,-114.3376,42.21,80,90,0.0,overcast clouds
572,Son La,VN,21.3167,103.9,54.84,96,49,3.24,scattered clouds
573,Panzhihua,CN,26.5851,101.7128,47.89,85,6,1.07,clear sky
574,Kloulklubed,PW,7.0419,134.2556,83.64,76,75,14.03,broken clouds
575,Beipiao,CN,41.7919,120.7792,21.63,79,4,1.66,clear sky
576,Oussouye,SN,12.485,-16.5469,80.78,77,98,6.06,overcast clouds
577,Simao,CN,22.7886,100.9748,52.84,98,43,2.04,scattered clouds
578,Kedrovyy,RU,56.1667,91.8167,23.41,98,100,9.71,snow
579,Vanimo,PG,-2.6741,141.3028,76.3,90,100,7.14,overcast clouds
580,Warren,US,39.4334,-84.1666,48.69,89,90,3.0,mist
581,Bartica,GY,6.4,-58.6167,80.92,94,96,3.53,overcast clouds
582,Rancho Veloz,CU,22.8806,-80.3917,77.49,59,19,9.93,few clouds
583,Krasnaya Gorbatka,RU,55.8703,41.7641,34.5,91,100,12.84,overcast clouds
584,Puerto Carreno,CO,6.189,-67.4859,85.95,67,100,0.74,overcast clouds
585,Tank,PK,32.2217,70.3793,63.34,23,0,2.26,clear sky
586,Hirado,JP,33.3597,129.5531,57.02,54,0,15.9,clear sky
587,Beberibe,BR,-4.1797,-38.1306,85.15,76,28,10.71,scattered clouds
588,Baracoa,CU,20.3467,-74.4958,77.14,69,95,9.66,overcast clouds
589,Melo,UY,-32.3667,-54.1833,67.3,93,96,6.6,overcast clouds
590,Tucuma,BR,-0.1833,-50.05,81.32,75,100,6.87,overcast clouds
591,Port Shepstone,ZA,-30.7414,30.455,65.32,71,100,8.46,overcast clouds
592,Premia De Mar,ES,41.4921,2.3652,53.01,78,100,1.99,overcast clouds
593,Redmond,US,47.674,-122.1215,51.98,85,100,1.01,overcast clouds
594,Zaykovo,RU,57.5613,62.7568,8.26,96,56,5.23,broken clouds
595,Portland,US,45.5234,-122.6762,58.5,68,75,1.99,broken clouds
596,Barreirinhas,BR,-2.7469,-42.8264,81.68,73,89,11.18,overcast clouds
597,San Lorenzo,PY,-25.3333,-57.5333,76.59,100,75,5.01,thunderstorm
598,Henties Bay,NA,-22.116,14.2845,59.86,92,0,0.65,clear sky
599,Prince Rupert,CA,54.3161,-130.3201,50.09,76,90,16.11,light rain
600,Sahuaripa,MX,29.05,-109.2333,75.7,37,60,5.53,broken clouds
601,Khandyga,RU,62.6667,135.6,-27.56,96,63,2.55,broken clouds
602,Mongagua,BR,-24.0931,-46.6208,85.03,87,21,6.33,few clouds
603,Tessalit,ML,20.1986,1.0114,76.95,31,21,5.48,few clouds
604,Batemans Bay,AU,-35.7167,150.1833,64.2,95,100,12.55,moderate rain
605,Bowen,AU,-20.0167,148.2333,77.34,84,100,4.23,overcast clouds
606,Nautla,MX,20.2167,-96.7833,77.63,73,9,5.06,clear sky
607,Borogontsy,RU,62.6683,131.1683,-14.8,94,97,3.38,overcast clouds
608,Sidi Ali,DZ,36.0998,0.4206,54.63,73,3,16.42,clear sky
609,Marsh Harbour,BS,26.5412,-77.0636,72.95,63,67,15.21,broken clouds
610,Mizque,BO,-17.941,-65.3402,78.8,48,35,13.51,scattered clouds
611,Norman Wells,CA,65.282,-126.8329,-18.36,76,90,11.5,light snow
612,Mocuba,MZ,-16.8392,36.9856,72.43,93,100,4.99,light rain
613,Wajid,SO,3.8093,43.2471,82.76,39,87,8.43,overcast clouds
614,Chinsali,ZM,-10.5414,32.0816,67.35,82,100,6.6,light rain
615,Vestmannaeyjar,IS,63.4427,-20.2734,37.62,72,5,25.52,clear sky
616,Marechal Candido Rondon,BR,-24.5561,-54.0567,87.26,50,95,8.39,moderate rain
617,San Lawrenz,MT,36.0553,14.204,61.86,82,62,14.81,broken clouds
618,Madaoua,NE,14.073,5.96,81.39,16,0,7.45,clear sky
619,Boddam,GB,57.4667,-1.7833,41.38,73,100,19.08,light rain
620,Luis Correia,BR,-2.8792,-41.6669,86.0,74,20,17.27,few clouds
621,Dalhousie,IN,32.5333,75.9833,41.18,30,0,6.98,clear sky
622,Mbuji-Mayi,CD,-6.15,23.6,69.87,97,100,2.68,moderate rain
623,Teodoro Sampaio,BR,-22.5325,-52.1675,84.18,57,97,11.68,heavy intensity rain
624,La Primavera,CO,5.4906,-70.4092,79.12,78,99,3.11,overcast clouds
625,Puerto Ayacucho,VE,5.6639,-67.6236,84.47,75,100,2.93,overcast clouds
626,Kedougou,SN,12.5579,-12.1743,84.78,39,0,0.0,clear sky
627,Tual,ID,-5.6667,132.75,82.78,77,100,4.94,overcast clouds
628,Kilindoni,TZ,-7.9139,39.6668,81.61,78,17,8.75,few clouds
629,San Carlos De Bariloche,AR,-41.1456,-71.3082,64.44,41,40,24.16,scattered clouds
630,Mahibadhoo,MV,3.7833,72.9667,80.38,78,100,13.89,overcast clouds
631,Dragalina,RO,44.4333,27.3167,41.76,76,0,8.21,clear sky
632,Ozinki,RU,51.1786,49.6769,26.58,95,17,9.19,few clouds
633,Renqiu,CN,38.6989,116.0936,38.61,51,0,3.96,clear sky
634,Antofagasta,CL,-23.65,-70.4,65.48,69,11,9.26,few clouds
635,Nurota,UZ,40.5614,65.6886,35.69,66,100,9.93,overcast clouds
636,Vaida,EE,59.2906,24.9658,38.1,93,90,6.91,moderate rain
637,Muros,ES,42.7762,-9.0603,52.23,87,22,15.23,few clouds
638,Aktash,RU,50.3,87.7333,15.3,88,73,7.29,broken clouds
639,Champerico,GT,14.3,-91.9167,93.74,66,51,7.38,broken clouds
640,Gangtok,IN,27.3333,88.6167,47.3,92,100,0.65,overcast clouds
641,Linguere,SN,15.3953,-15.1193,85.96,20,99,3.89,overcast clouds
642,Fez,MA,34.0372,-4.9998,53.85,87,75,8.05,broken clouds
643,Nyagan,RU,62.1406,65.3936,4.71,92,100,6.33,overcast clouds
644,Gharo,PK,24.7424,67.5856,64.62,54,0,4.12,clear sky
645,Walvis Bay,NA,-22.9575,14.5053,60.1,77,0,9.22,clear sky
646,Cine,TR,37.6117,28.0614,56.3,85,34,1.23,scattered clouds
647,Dingle,PH,10.9995,122.6711,75.7,94,94,5.5,overcast clouds
648,Aljezur,PT,37.3191,-8.8033,52.27,76,44,8.23,scattered clouds
649,Barkhan,PK,29.8977,69.5256,53.35,30,0,2.17,clear sky
650,Kushmurun,KZ,52.4503,64.6311,16.36,92,100,14.58,overcast clouds
651,Laplace,US,30.0666,-90.4801,75.97,72,90,4.0,overcast clouds
652,Yangambi,CD,0.8102,24.4336,73.08,76,52,2.08,broken clouds
653,Nantucket,US,41.2835,-70.0995,50.14,75,87,18.14,overcast clouds
654,Tarakan,ID,3.3,117.6333,76.5,88,40,4.61,scattered clouds
655,Itapaci,BR,-14.9508,-49.5494,81.63,57,98,3.22,overcast clouds
656,Tete,MZ,-16.1564,33.5867,75.29,88,75,5.75,broken clouds
657,Misratah,LY,32.3754,15.0925,72.19,54,10,16.24,clear sky
658,Mulchen,CL,-37.7167,-72.2333,80.46,25,3,7.11,clear sky
659,Khani,GE,41.9563,42.9566,42.37,85,100,4.25,overcast clouds
660,Rio Grande,BR,-32.035,-52.0986,73.51,95,100,6.15,overcast clouds
661,Camden,US,39.7835,-74.9663,55.2,45,69,4.94,broken clouds
662,Vanavara,RU,60.34,102.2797,1.33,100,100,2.37,overcast clouds
663,Panama City,PA,8.9936,-79.5197,83.43,86,40,9.22,scattered clouds
664,Olinda,BR,-8.0089,-34.8553,82.13,74,40,6.91,scattered clouds
665,Sierpc,PL,52.8568,19.6691,36.91,70,100,14.2,overcast clouds
666,Iquitos,PE,-3.7481,-73.2472,87.84,66,75,5.75,broken clouds
667,Jieshi,CN,22.8134,115.8257,62.94,74,4,10.71,clear sky
668,Bajos De Haina,DO,18.4154,-70.0332,80.56,80,40,16.11,scattered clouds
669,Itacoatiara,BR,-3.1431,-58.4442,85.59,65,67,2.93,broken clouds
670,Tokur,RU,53.1333,132.9,-2.63,100,78,2.46,broken clouds
671,Kenai,US,60.5544,-151.2583,19.02,89,90,3.44,light snow
672,Manokwari,ID,-0.8667,134.0833,78.33,81,35,2.39,scattered clouds
673,Haifa,IL,32.8156,34.9892,65.97,68,5,2.37,clear sky
674,Karratha,AU,-20.7377,116.8463,78.85,35,83,9.46,broken clouds
675,Lucapa,AO,-8.4192,20.7447,65.82,97,100,1.92,moderate rain
676,Santo Estevao,BR,-12.4303,-39.2514,72.68,88,69,8.86,broken clouds
677,Vila,PT,42.0304,-8.1588,41.32,82,32,6.13,scattered clouds
678,Necochea,AR,-38.5473,-58.7368,73.04,50,74,10.02,broken clouds
679,Edson,CA,53.5835,-116.4356,44.74,57,1,9.22,clear sky
680,Bay Roberts,CA,47.5999,-53.2648,53.06,96,100,7.0,light rain
681,Bage,BR,-31.3314,-54.1069,74.98,73,90,12.66,overcast clouds
682,Natchitoches,US,31.7668,-93.1335,67.05,94,90,5.75,overcast clouds
683,Barrancabermeja,CO,7.0653,-73.8547,84.43,71,50,2.08,scattered clouds
684,Kattivakkam,IN,13.2167,80.3167,80.08,95,100,15.3,moderate rain
685,Phan Thiet,VN,10.9333,108.1,74.32,83,100,5.7,overcast clouds
686,Yarim,YE,14.298,44.3779,50.88,42,15,5.41,few clouds
687,Kostino,RU,58.9097,53.2691,9.99,98,93,4.7,overcast clouds
688,Nokaneng,BW,-19.6667,22.2667,81.5,32,46,9.22,scattered clouds
689,Pauini,BR,-7.7136,-66.9764,88.93,54,75,3.69,broken clouds
690,Ahipara,NZ,-35.1667,173.1667,66.87,66,66,2.71,broken clouds
691,Atasu,KZ,48.6814,71.6433,7.66,93,7,3.02,clear sky
692,Qujing,CN,25.4833,103.7833,49.08,82,82,6.06,broken clouds
693,Husavik,IS,66.0449,-17.3389,30.11,93,98,28.77,snow
694,Hengyang,CN,26.8881,112.615,51.69,70,0,2.64,clear sky
695,Virarajendrapet,IN,12.2,75.8,65.3,93,97,4.61,overcast clouds
696,Pointe-Noire,CG,-4.7761,11.8635,78.33,86,100,2.1,overcast clouds
697,Guantanamo,CU,20.1444,-75.2092,81.97,60,68,11.05,broken clouds
698,Morondava,MG,-20.2833,44.2833,76.66,58,32,17.02,scattered clouds
699,Marsa Matruh,EG,31.3525,27.2453,66.61,70,6,5.93,clear sky
700,Puerto Quijarro,BO,-17.7833,-57.7667,91.56,48,100,5.1,overcast clouds
701,Yichun,CN,47.7,128.9,5.92,97,99,3.11,overcast clouds
702,Balikpapan,ID,-1.2675,116.8289,75.11,91,100,3.94,overcast clouds
703,Lebedyan,RU,53.0194,39.1664,34.52,78,100,13.22,overcast clouds
704,Svetlogorsk,BY,52.6333,29.7333,33.31,76,7,14.72,clear sky
705,Peniche,PT,39.3558,-9.3811,51.62,74,32,15.73,scattered clouds
706,Xihe,CN,31.6864,113.4659,49.69,51,0,2.66,clear sky
707,Shingu,JP,33.7333,135.9833,49.96,83,0,5.88,clear sky
